Dim_1,Dim_2
1.0883938,-9.19538
1.1819762,-8.9835825
1.2717452,-8.990976
1.3561523,-8.965027
1.2842654,-8.962584
10.655081,0.21492437
10.674257,0.2814354
10.695732,0.31690574
10.691328,0.3203324
10.693726,0.3330724
10.676488,0.32167616
10.698807,0.37370318
10.713246,0.3815961
10.709367,0.37809312
10.736834,0.44726706
10.717486,0.4004481
3.0375695,8.838386
10.708085,0.39198875
10.714649,0.40825886
10.719105,0.44822922
10.718165,0.5332089
10.716834,0.57469857
10.696685,0.5687757
10.718058,0.59936816
10.7231245,0.56675434
10.718281,0.62291056
10.718631,0.67809576
10.71448,0.67116976
10.712391,0.67937094
10.711968,0.71296287
10.712205,0.6698755
10.695181,0.7409835
10.714576,0.7301396
10.709861,0.7159243
10.707054,0.6977209
10.714783,0.92674106
10.700357,0.83551335
10.706164,0.75760764
10.699296,0.8870496
10.6722975,1.0671886
10.590039,1.4391624
10.675196,1.0269156
10.689291,0.9928384
10.627952,1.3060533
10.636729,1.2445709
10.619669,1.3129222
10.625269,1.4619784
10.777798,1.6394761
10.613464,1.4677644
10.625419,1.4292917
10.58215,1.5124222
10.561204,1.4647471
10.594739,1.4255861
10.578713,1.5038203
10.639508,1.5846547
10.880404,1.6773988
11.035672,1.8704059
10.575888,1.4819072
11.059072,1.8520339
11.047705,1.8750802
10.889676,1.7140046
10.556354,1.5502537
10.81182,1.699681
10.737415,1.7024848
10.776333,1.7176574
10.934899,1.7794904
11.060472,1.8726056
11.0131445,1.8471754
11.022782,1.8928916
10.568627,1.610891
10.697546,1.6177548
10.922948,1.7691226
10.651037,1.5543677
10.61993,1.5154876
11.047977,1.9603254
10.725255,1.7452767
11.006419,1.8722215
10.561742,1.5960494
10.696315,1.7160971
10.909459,1.7189854
10.708163,1.6282446
10.522885,1.5849737
10.508937,1.6305864
10.537483,1.5759456
10.517532,1.6038094
10.509325,1.6375029
10.5086355,1.5841458
10.545349,1.5966108
10.856579,1.6933564
10.497722,1.5877748
10.742963,1.6576531
10.511436,1.5955561
10.5269,1.6050966
10.707384,1.6718241
10.720295,1.6392254
10.747045,1.6468899
10.527602,1.6032981
10.566872,1.5826606
10.532427,1.5932854
11.055865,1.9708412
10.519356,1.9632103
10.730968,1.9219729
10.617358,1.9525863
11.030305,1.9905331
10.76799,1.9681894
11.04042,1.9532205
10.976657,1.9862276
10.579126,1.8870195
10.5987,1.7773256
11.058866,2.027788
10.638152,1.7927221
10.482167,1.991316
10.541592,1.7515508
10.97096,1.8879737
10.495799,1.9312767
10.5432005,2.0041602
10.782233,2.102527
10.515605,1.7927388
10.752771,2.1919196
10.557236,2.0632513
10.829454,2.040533
10.547764,1.9340365
10.858956,2.1360521
10.683459,2.0420015
11.026818,2.0166945
10.512825,2.1256707
11.004024,2.0372999
10.93911,2.2441933
11.009598,1.9932163
11.072059,2.0675323
10.936752,2.1311777
10.551998,2.209272
10.939912,2.1343653
11.018707,2.0135806
10.788909,1.997754
10.59795,2.1951337
10.725309,2.233462
10.601466,2.2319531
10.918776,2.059352
10.5825815,2.184099
10.905888,2.0831144
10.76776,2.1002326
10.535774,2.2418468
10.723025,2.2289758
10.686849,2.033079
10.940578,2.220148
10.559881,2.2524369
10.535974,2.2879963
10.546775,2.2681541
10.647362,2.2965143
10.64226,2.2690153
10.697277,2.2304318
10.738752,2.3112965
10.768122,2.2482443
10.67141,2.2193027
10.63111,2.280409
10.71043,2.3838782
10.600132,2.2816553
10.5842705,2.300561
10.597192,2.3119228
10.988382,2.1984391
10.579077,2.3159385
10.642054,2.3416796
10.946326,2.315235
10.99614,2.1772976
10.550344,2.3353918
10.572432,2.2578025
11.049834,2.2099514
10.863313,2.2975466
10.582824,2.323162
10.581964,2.3477073
2.7140784,8.223106
10.798772,2.2619002
10.538888,2.4070761
11.002497,2.192721
11.053878,2.1336682
10.60618,2.3233898
10.74813,2.2971313
10.743248,2.3223906
11.053163,2.0702765
10.649187,2.499128
11.049269,2.189269
11.035967,2.1570377
10.97332,2.128022
10.621317,2.5224595
11.0468855,2.2351837
10.6226845,2.487378
10.926417,2.2801437
10.663132,2.485547
10.711623,2.4713066
10.552327,2.4100814
10.64303,2.4787638
11.016551,2.2413967
10.558566,2.551094
10.659727,2.5399363
10.599535,2.5376935
10.659322,2.5520277
10.636738,2.5906215
10.60486,2.5438075
10.605947,2.5170398
10.841789,2.3474386
10.698759,2.5525951
10.633683,2.530964
10.974452,2.255412
10.6489315,2.5218759
10.673419,2.4626715
10.464379,2.6280303
10.514273,2.5784807
10.603877,2.5891826
10.647818,2.4928126
9.255423,5.6114798
-9.540937,17.150188
2.8107266,8.1399765
9.112815,5.5476065
-9.350217,17.051596
-0.78913933,19.161076
8.847667,5.5671864
8.854818,5.5661983
8.905315,5.5816565
8.851472,5.5461044
8.762377,5.548538
8.640913,5.510386
8.623125,5.538603
8.671579,5.524247
8.656134,5.520251
8.645872,5.509262
8.654234,5.525249
8.653355,5.506311
8.689047,5.527712
8.633091,5.4824452
8.647576,5.5135627
8.615417,5.4720917
8.6216345,5.4855328
8.640667,5.5021257
8.615786,5.4814153
8.608234,5.4711766
8.636338,5.488263
8.628222,5.48027
8.617534,5.4626894
8.6219,5.482308
8.601917,5.467278
8.629938,5.4813037
8.616272,5.478429
8.616181,5.4853396
8.627193,5.4740267
8.632706,5.494066
8.629207,5.481439
-0.91142726,19.016933
2.8406706,8.1037245
2.867038,8.168262
8.886265,5.5573297
9.381846,5.6799493
9.094597,5.535307
9.193435,5.577469
9.160321,5.5345464
9.126691,5.5514407
9.120212,5.524663
9.122136,5.561418
9.098409,5.528487
9.138539,5.5627728
9.130356,5.5544696
9.166237,5.569167
9.245578,5.578324
9.183529,5.5556865
9.200792,5.568693
9.201446,5.566916
9.188149,5.5698833
9.241361,5.5961123
9.200944,5.5590525
9.230457,5.5878444
2.8167772,8.154543
2.796112,8.217646
9.34085,5.6509256
9.37681,5.6736145
9.337963,5.650155
9.339652,5.6513934
9.364257,5.665817
9.345294,5.6566544
9.379377,5.687792
9.340877,5.6509056
9.3594,5.6731734
9.341389,5.653333
9.344427,5.6508064
9.311763,5.636602
2.8303404,8.226922
9.333785,5.646366
9.330551,5.6503005
9.343889,5.6537557
9.370883,5.6016793
9.331236,5.649181
9.335279,5.656113
9.342263,5.6446652
2.7256093,8.1769085
2.784307,8.1378145
2.7695773,8.152972
10.066097,3.3330905
10.029917,3.3570821
10.093985,3.3341794
10.058323,3.33334
10.036622,3.3508744
10.036402,3.3460922
10.03866,3.2937572
10.050964,3.3103368
10.0857525,3.1240728
10.071865,3.113252
10.133479,3.0806813
10.09937,3.114693
10.083628,3.122772
10.114767,3.09227
10.132918,3.0862648
10.046302,3.1678867
10.07632,3.128507
2.7442758,8.1440115
2.7148285,8.182603
10.260951,2.9671462
10.218599,3.0030599
10.231654,2.9960158
10.219732,2.9961708
10.206281,3.0240781
10.226152,3.0011892
10.2447195,2.9826963
9.788172,3.3249583
10.224666,2.993495
2.7104142,8.186157
10.736477,2.6371284
10.369747,2.8732493
10.340125,2.897947
10.210861,3.006499
10.224195,2.9993548
2.699217,8.211446
2.7237024,8.175535
10.256925,2.9731853
10.375003,2.862772
2.7081764,8.188513
10.080654,3.125717
2.7242815,8.188003
2.7330532,8.168966
2.7250273,8.189863
2.738989,8.205031
2.7504041,8.168651
2.737512,8.189213
2.715414,8.190514
2.7387996,8.17638
-9.353456,16.913223
2.8309853,8.151038
-0.9170586,19.013578
-0.90089947,19.03944
-0.9821704,18.965544
-0.927474,19.007765
-0.93664986,19.00125
2.823744,8.130003
-0.92534477,19.016565
-0.9020795,19.03181
-0.9297,19.00705
-0.90621156,19.048628
-0.91368216,19.020403
-0.9001124,19.03152
-0.8818861,19.050034
-0.89699763,19.032164
-9.3631315,16.95768
-9.387371,16.974777
-9.341546,16.923616
-9.352271,16.91428
-9.358103,16.923645
-0.8089369,19.134647
-9.315844,17.158936
-9.380402,16.966196
-9.350326,16.926119
-9.358519,16.966242
-9.353533,16.932358
-9.580634,17.17653
-0.8898595,19.042187
-9.378973,16.949888
-9.354004,16.955706
-9.358534,16.93599
-9.357022,16.952938
-9.3629875,16.967651
-9.35116,16.952702
-9.343146,16.958214
-0.65735793,19.289707
-9.354987,17.264748
-0.6435928,19.2783
-0.6482301,19.22985
8.970778,4.3469253
-9.327189,17.32976
-9.353434,17.35654
-9.37825,17.27496
8.976631,4.416209
-9.557533,17.175556
2.8027668,8.145741
-0.64608645,19.219307
-0.6374076,19.244772
-0.60734814,19.257254
8.960902,4.350504
-9.358436,17.290083
-9.536307,17.180103
2.8514223,8.096538
2.847484,8.093164
-9.352564,17.353563
-0.60378045,19.32845
-9.3635,17.40712
-0.57211447,19.339447
-0.5700791,19.348152
2.8865337,8.060073
-9.386048,17.314367
-0.5569889,19.305803
-0.62897134,19.368368
-0.5670676,19.327127
-0.59468967,19.320276
-0.5632808,19.324907
-0.5538485,19.337729
-0.5731745,19.318392
-0.53765166,19.298326
2.8744316,8.066984
-0.56163144,19.320328
-0.5425165,19.329613
-9.378814,17.434359
8.957663,4.185649
-9.340634,17.384348
-9.475916,17.505205
8.971439,4.1379004
-9.38198,17.430574
-9.404341,17.456718
-0.56925297,19.300367
-0.5626196,19.328552
8.984301,3.7377617
9.104587,3.8345993
9.100831,3.8634787
2.8364813,8.109217
9.106346,3.8330045
9.1038265,3.8554976
9.090471,3.8020546
9.118138,3.8294556
2.8504667,8.080889
9.131485,3.8299215
9.114784,3.8206413
9.23064,3.716592
9.171204,3.7752938
9.181461,3.7607205
9.155167,3.7615683
9.583547,3.4861617
9.210154,3.7544587
9.703717,3.4201963
9.698303,3.4447048
9.643252,3.4196103
9.457451,3.5906992
9.570981,3.4993873
9.634064,3.468577
9.615474,3.450631
9.604707,3.4643064
9.620305,3.454511
9.662178,3.4022596
9.638312,3.4186506
9.602526,3.4783094
9.667153,3.4411395
2.7208664,8.146438
9.71958,3.3983884
9.695138,3.4273171
9.660443,3.4401174
9.603795,3.4683616
9.600041,3.4826713
9.63149,3.462153
9.626093,3.4694798
-9.548664,17.179127
2.7604396,8.168587
9.694679,3.388325
9.661512,3.514415
9.602803,3.5169861
9.6403,3.458515
-9.337265,17.225328
9.636946,3.4854572
9.617547,3.4809058
9.626715,3.493799
9.662277,3.3895674
9.5998335,3.4723842
9.668417,3.403698
-9.352545,16.964558
-9.435063,17.051977
-9.384915,17.01444
-9.392566,17.027025
-0.866171,19.056904
-0.8571182,19.05418
-0.7983149,19.11911
-0.83982146,19.062391
-0.8433756,19.07111
-9.46648,17.084866
-0.7206835,19.153122
-0.6814947,19.181618
-0.6494355,19.202665
-9.492335,17.303495
-9.460911,17.342165
-9.50445,17.342049
-9.484522,17.340105
-9.51099,17.314884
-0.56912446,19.195616
8.97087,4.194228
-9.520698,17.356781
-9.464618,17.407536
-9.482906,17.3778
-9.5687895,17.227674
-0.60470504,19.183846
-0.32935455,19.297215
-0.43981165,19.254967
-9.553307,17.560217
-9.581597,17.557615
-0.33279228,19.240723
-9.723061,17.771242
-9.698111,17.742939
-0.27527282,19.24157
-0.3222801,19.233164
-0.32894197,19.23802
-9.691668,17.750702
-9.611833,17.682304
-9.720413,17.788818
-0.25670114,19.283735
-0.2451702,19.23133
-0.2818101,19.253864
-0.24734631,19.254496
-9.761483,17.851425
-9.760503,17.853113
-9.795118,17.890038
-9.787314,17.880272
-9.753075,17.847471
-9.766172,17.862844
-9.739,17.83418
-9.771318,17.881304
-9.762293,17.863295
8.906809,4.0236683
-9.758409,17.850313
8.890687,3.9861999
-9.671013,17.767105
-9.639374,17.71076
2.9043498,8.041241
-9.656751,17.709156
-9.587245,17.673758
-0.3039048,19.272894
-0.24601403,19.267206
-0.27761415,19.257612
-0.25252506,19.265078
-9.750668,17.847902
-9.747287,17.847855
-9.754453,17.857422
-9.742622,17.848015
-9.790631,17.906473
-0.27022153,19.278841
-0.24540822,19.283287
-9.778493,17.885174
-0.25428537,19.28523
-9.776077,17.894217
-0.23994926,19.28867
-9.793831,17.91804
-0.26751545,19.284575
-0.2447645,19.282139
-9.77772,17.903496
-9.788219,17.901854
-9.752101,17.859768
-0.22744732,19.274242
-9.776819,17.887535
2.9669197,7.962824
8.797972,3.9395645
-0.25184155,19.28186
2.8985045,8.036587
8.795988,3.9089355
8.81071,3.8933184
8.728462,3.9327679
-9.428346,17.598333
8.774033,3.9229186
8.76193,3.8760824
8.81965,3.8586504
8.757045,3.9240608
8.812705,3.8719332
-9.425074,17.583344
8.795798,3.8448465
-0.46113873,19.272701
-9.41219,17.547897
8.845806,3.835858
8.814233,3.867679
-9.38395,17.569283
2.8888638,8.050497
8.802635,3.8515356
8.838222,3.8088357
8.831799,3.8567975
-9.380021,17.551514
-9.398627,17.54198
8.850465,3.8406854
8.856317,3.8191795
8.851243,3.827374
-0.53859115,19.328453
2.8607786,8.064309
8.831693,3.790221
8.896567,3.810742
-9.582243,17.201557
9.142083,3.7979536
8.882974,3.8001246
-9.366895,17.493233
8.902696,3.797975
-9.380087,17.469297
8.866795,3.8119278
2.8768306,8.045115
8.914078,3.801843
8.900112,3.80481
8.948814,3.816519
8.927629,3.7636116
2.8421986,8.07196
8.9199915,3.7982829
8.919191,3.8010411
8.958645,3.7740834
2.8495722,8.09606
2.8408093,8.077317
-9.375114,17.355778
-0.6371963,19.204536
-0.7616351,19.109192
-0.7420355,19.138159
-0.7975613,19.103807
-0.77730024,19.092625
-9.455676,17.212803
-9.5201,17.144909
-0.8039809,19.10046
-9.469253,17.248459
-0.62544996,19.216236
-0.5252581,19.257212
-9.547218,17.192255
-0.65493196,19.145552
-9.48593,17.48105
-0.44954205,19.212778
-0.46973103,19.2088
-0.44126055,19.187794
-9.510548,17.572916
-9.610803,17.620253
-9.587055,17.488588
8.914223,4.105687
-9.500079,17.52031
-0.33050177,19.186672
-0.6276473,19.136646
-0.43162775,19.225788
-0.38370538,19.174067
2.900858,8.037874
-0.39427352,19.244099
-9.489033,17.50434
-9.496163,17.511425
-9.561153,17.612885
-9.572546,17.578129
-9.533832,17.583427
2.8823652,8.059528
-9.560126,17.598064
-0.4210446,19.200653
-9.5217495,17.534975
-0.35523176,19.274357
-9.568498,17.645939
-0.35577515,19.203512
-9.561148,17.612982
-9.686216,17.658112
-9.650752,17.704315
-9.673842,17.726158
-9.65378,17.70667
-9.674211,17.725128
8.937023,4.0996943
-9.723725,17.784166
-9.652412,17.67991
-0.3623108,19.205906
2.8950868,8.047922
-9.590071,17.644314
-9.499626,17.536606
2.9126267,8.038508
-9.532045,17.57923
-9.586103,17.655807
-9.533964,17.589016
-9.494872,17.546755
-0.37574613,19.203646
-9.549831,17.568829
-0.43315288,19.185526
-0.3441226,19.19906
-0.60339975,19.198402
-0.4132909,19.279356
2.8797052,8.068496
-0.36043474,19.20833
-0.3948316,19.233442
8.910248,4.068447
-9.453035,17.53709
-9.462607,17.559998
-9.434185,17.521479
8.967123,4.099691
-9.447249,17.5257
-9.445166,17.56371
-9.450476,17.506134
-9.425755,17.575836
-9.475638,17.501247
-0.43664077,19.242725
-0.39921787,19.19344
-0.4883274,19.2896
-9.418301,17.542448
8.848076,3.8189409
8.872527,3.8588338
8.916391,3.8779192
9.023335,3.9825873
8.970872,3.8571606
8.970142,3.8708026
9.0312605,3.8593528
8.962563,3.9161959
9.066898,3.9182894
9.001083,3.8902638
-9.3288,17.437727
8.978897,3.7960708
9.031391,3.7983105
9.014841,3.7699533
9.119803,3.7418342
9.250658,3.689643
9.219049,3.6962132
9.51233,3.5087812
9.362059,3.617124
9.175862,3.7265663
9.112795,3.757719
9.095083,3.7513874
9.562216,3.4997964
9.449069,3.5543196
9.599327,3.4478662
9.571809,3.4296234
9.595313,3.4393864
9.562862,3.4797711
9.576061,3.4525406
9.608621,3.3818111
9.548865,3.3637836
9.606616,3.3258905
9.658806,3.32
9.611514,3.3679368
2.75186,8.159578
9.611953,3.3917751
9.6065235,3.3425364
9.600094,3.3524926
9.590871,3.2954164
9.587603,3.3577015
9.626834,3.3532937
9.74914,3.259899
9.88199,3.1629019
4.1091733,-11.959699
4.137048,-11.881064
4.117794,-11.869843
4.1531196,-11.867018
4.172391,-11.848918
2.9837763,8.743125
2.9919264,8.754439
4.2093186,-11.824814
4.1459455,-11.844437
4.1912136,-11.837236
4.1823215,-11.838708
4.2218895,-11.827797
4.203709,-11.812022
4.202121,-11.836937
4.1858397,-11.837932
4.1832933,-11.839847
4.182062,-11.8443165
4.179179,-11.838828
4.2132816,-11.832738
4.1788926,-11.842394
4.169568,-11.840088
4.123006,-11.8453455
4.0883417,-11.85304
3.9580426,-11.855652
3.935636,-11.834886
3.859455,-11.858762
3.9337623,-11.860492
3.9012947,-11.87109
3.9192145,-11.867792
3.7372956,-11.876703
3.8315125,-11.838597
3.71453,-11.912717
3.6807508,-11.877762
3.645683,-11.912523
3.6252232,-11.95258
3.5691605,-11.915872
3.5736153,-11.958012
3.4371798,-12.101668
3.675738,-11.90349
3.6147492,-11.923435
3.5922167,-11.951872
3.5624707,-11.946043
3.481292,-11.913245
3.4338908,-12.008908
3.4506876,-11.913389
3.439305,-12.089324
3.5461183,-11.906826
3.3951473,-12.093001
3.456048,-11.973356
3.507259,-11.988829
3.3902912,-12.09657
3.4348366,-12.074266
3.590074,-11.92239
3.5505102,-11.906943
3.5467548,-11.904444
3.5553496,-11.9393425
3.4118772,-12.083109
3.3407323,-11.8485
3.4934359,-11.955858
3.3828187,-11.887531
3.367497,-11.859308
3.3316207,-11.87703
3.3257408,-12.1049385
3.3871717,-11.905168
3.4612887,-11.934131
3.3289232,-11.910471
3.2850344,-11.952621
3.1460893,-11.976558
3.1593022,-11.944995
3.0736022,-12.042783
3.011627,8.799745
3.3700566,-11.934174
3.2841983,-11.863039
3.2466779,-11.826362
3.1973088,-11.920128
3.104615,-11.845022
3.1627486,-11.730179
3.1495802,-11.819935
3.2497969,-11.793406
3.226602,-11.840882
3.1532075,-11.803565
3.1852746,-11.782289
3.0862913,-12.171538
3.1375625,-11.787474
3.054491,-11.814469
3.1004212,-11.761561
3.1000485,-11.809774
3.2011027,-11.820505
3.2222233,-11.830183
3.195249,-11.779142
3.1952422,-11.935634
3.1082745,-12.170605
3.198402,-11.89251
3.1154757,-12.144414
3.1153235,-12.185298
3.2304215,-11.841803
3.0562644,-12.195442
3.0687783,-12.148123
3.08066,-12.138016
3.0432773,-11.892772
3.01771,-12.183632
2.9796715,-11.990044
2.966282,-11.959126
2.8308012,-11.996304
2.9734802,-11.8343725
2.996698,-11.903768
2.9500098,-11.865568
2.9934723,-11.870782
2.9034457,-12.166711
2.8170207,-12.015562
2.726696,-12.077334
2.854778,-11.8804865
2.8796594,-11.897641
2.897473,-11.88464
3.0211782,8.820076
2.8420193,-11.912535
2.8173392,-11.907354
2.813506,-11.912989
3.0481417,8.849402
2.8515913,-12.023879
3.0231202,8.820294
2.759606,-12.002598
2.7955334,-11.986363
2.8311167,-12.1757345
2.910416,-11.929243
2.7856226,-12.090777
2.79958,-11.947125
2.7374785,-11.982893
2.7208128,-11.99102
2.8169003,-11.919089
3.0266466,8.830241
3.023336,8.825365
2.8127823,-11.886409
2.855663,-11.85927
3.0235584,8.821508
2.8420582,-11.865846
2.7610025,-11.880536
3.0243309,8.825375
2.7159915,-11.944448
2.088982,-12.123618
2.5770707,-12.009909
2.3884523,-12.050272
2.7241528,-11.893564
2.6445527,-11.971655
3.0217855,8.824911
2.6558776,-11.984539
2.5995574,-12.044725
2.8184357,-11.932113
2.8617988,-11.893355
2.8753111,-11.909857
2.8065577,-11.976386
2.800306,-11.96739
2.7521527,-11.859249
2.7664664,-11.9077215
2.5726392,-12.029738
2.3428335,-12.108078
2.5783038,-12.060617
2.7231004,-11.97478
2.7447066,-11.967573
2.5600514,-12.103733
2.6969466,-11.952577
3.0222619,8.824772
3.0274413,8.83845
2.6308165,-12.033079
2.4706652,-12.104454
2.4852018,-12.088341
2.4631884,-12.131516
2.5654685,-12.04845
2.5828788,-12.065887
2.3866422,-12.138392
2.435588,-12.103046
2.4706438,-12.105595
2.4861312,-12.080583
2.4069357,-12.090106
2.5175116,-12.068886
2.5267382,-12.099036
2.5151064,-12.083551
2.4781156,-12.105179
2.4767811,-12.09225
2.1222138,-12.110408
2.0795212,-12.122199
2.1752427,-12.102873
2.1743042,-12.09613
2.1497736,-12.110538
2.0935082,-12.129856
2.0752645,-12.14428
2.0832067,-12.126532
2.1112397,-12.111227
2.113322,-12.113544
2.1409476,-12.089071
2.0846071,-12.113074
2.1476321,-12.100011
3.0246859,8.841195
2.1229167,-12.10714
2.1186404,-12.111745
2.111798,-12.115496
2.1163747,-12.114165
2.1112888,-12.121167
2.1198695,-12.103724
2.0985634,-12.11288
3.034229,8.862463
2.1091866,-12.109217
2.122216,-12.109457
3.0271564,8.842594
2.1400528,-12.101167
2.1208627,-12.105867
2.1086833,-12.1032915
2.4585323,-12.101576
-1.6340652,-2.9920907
3.0579739,9.785142
-1.816072,-2.8194456
-1.8095278,-2.8200083
-1.7709911,-2.832508
-1.7940743,-2.8373766
-1.7848096,-2.8494499
-1.7938925,-2.84147
-1.7983224,-2.8395014
-1.7644395,-2.856777
-1.8099734,-2.8542364
-1.7357788,-2.9024508
-1.7482497,-2.9007008
-1.7628652,-2.8727262
-1.7686863,-2.8645127
-1.7552685,-2.8834577
-1.7608664,-2.8669508
-1.7257777,-2.9012825
-1.7439692,-2.883158
-1.7583934,-2.8740587
-1.7499702,-2.869603
-1.6531261,-2.9735384
-1.6130493,-3.0218148
-1.6403244,-2.9860635
-1.6618501,-2.9652085
-1.679948,-2.9442015
-1.6309533,-2.9978244
-1.634302,-2.9947832
-1.6260799,-2.9945235
-1.6249107,-2.9921267
-1.6325054,-2.9836063
-1.6013076,-3.0211864
-1.5912886,-3.0216107
-1.5330225,-3.081346
-1.6200478,-3.0010228
-1.5474763,-3.0662744
-1.5313296,-3.0779305
-1.5388309,-3.054356
-1.548657,-3.064492
-1.5532737,-3.0242457
-1.577801,-3.0122294
-0.83126163,-3.773001
-0.98680514,-3.568435
-0.93780625,-3.6102364
-0.98864657,-3.5624478
-0.97644717,-3.5700128
-0.9243002,-3.6162498
-0.9675709,-3.5813587
-0.9436294,-3.6027775
-0.9480433,-3.5985067
-0.96760446,-3.5707037
-0.9527466,-3.5946946
-0.88033235,-3.6982586
-0.8119946,-3.7712185
-0.82784224,-3.7639906
-0.8353414,-3.749822
-0.793263,-3.7836232
-0.8357991,-3.740358
-0.7869241,-3.7937613
-0.80515486,-3.773277
-0.79176784,-3.79217
-0.8041508,-3.7828984
-0.7975885,-3.79623
-0.7724861,-3.816184
-0.80201143,-3.786615
-0.774928,-3.8125596
-0.7535403,-3.8129647
-0.74284714,-3.824832
-0.7901236,-3.804132
-0.76546574,-3.8212376
-0.7625213,-3.8311944
-0.7496083,-3.8273807
-0.6801807,-3.8898926
-0.7520284,-3.8397834
-0.70167476,-3.8668144
-0.68616635,-3.8810678
-0.64683354,-3.9147713
-0.64916474,-3.9051998
-0.643334,-3.9154093
-0.62824255,-3.9184942
-0.6558119,-3.9152045
-0.6525022,-3.903765
0.3041636,-9.436243
0.73104197,-8.525377
0.73426145,-8.540138
0.7295153,-8.602595
0.7491812,-8.528277
0.7410818,-8.527186
0.73401594,-8.501803
0.72322375,-8.588401
0.7133577,-8.534319
0.718805,-8.582345
0.73355216,-8.55061
0.54977345,-9.010204
0.6440993,-8.9238
0.5276718,-8.946398
0.5228402,-8.939323
0.5279963,-8.959116
0.54724604,-8.992451
0.5399455,-8.974185
0.5725275,-9.018008
0.6177834,-9.024977
0.5735753,-9.040594
0.35240078,-9.343433
0.26534003,-9.384369
0.2632826,-9.391209
0.2807708,-9.385437
0.22563702,-9.385631
0.272486,-9.393213
0.28126445,-9.393705
0.25200352,-9.384825
0.2910426,-9.3770485
0.2665801,-9.402364
0.27174452,-9.403492
0.28057456,-9.397819
0.25261632,-9.397324
0.26301154,-9.419549
0.25746018,-9.418956
0.3079933,-9.388125
0.44064677,-9.335962
0.446794,-9.290707
0.29920793,-9.385785
0.4593263,-9.356151
0.5191409,-9.300685
0.47937492,-9.281328
0.5157702,-9.215292
0.54368204,-9.240921
0.5730538,-9.219062
0.54144967,-9.287034
0.3528657,-9.354722
0.52401316,-9.245381
0.5206301,-9.308662
0.3864221,-9.350172
-1.0582571,-1.8415405
-1.1825117,-1.9539449
-1.2102846,-1.9786874
-1.2350031,-2.0064762
-1.2297461,-2.0016696
-1.2088331,-1.9828821
-1.2262378,-1.9982636
-1.244415,-2.0166962
-1.1981134,-1.9773941
-1.2183012,-1.9920044
-1.2215515,-1.9995016
-1.1573229,-1.9426454
-1.1773959,-1.9957659
-1.1797284,-1.9550216
-1.1295645,-1.9067725
-1.1996464,-1.9742342
-1.1585791,-1.937019
-1.1250153,-1.9117457
-1.1659429,-1.9564965
-1.1441282,-1.9336549
-1.1163912,-1.8997917
-1.0994998,-1.8596433
-1.0758497,-1.8630029
-1.066686,-1.8514354
-1.0821165,-1.8657805
-1.050622,-1.8415842
-1.0725777,-1.8610173
-1.0627131,-1.8508769
-1.0786039,-1.8627172
-1.0291238,-1.8234435
-1.105803,-1.9034121
-1.050653,-1.847968
-1.0434453,-1.8346639
-1.0804315,-1.8642133
-1.0810404,-1.8765032
-1.0903577,-1.8744487
-1.0796125,-1.8679707
-1.0946342,-1.8880494
-1.093389,-1.879198
-1.0359565,-1.826697
-1.0719329,-1.8564305
-0.17822261,-4.0847735
-0.40166795,-3.81482
-0.30927196,-3.8710866
-0.34173194,-3.8583915
-0.3483793,-3.8763964
-0.45116118,-3.7966545
-0.44828063,-3.829388
-0.39299518,-3.8331115
-0.41630584,-3.827004
-0.29008895,-3.9072816
-0.322664,-3.882035
-0.25455594,-4.0111384
-0.30327758,-3.9540577
-0.27163416,-3.971864
-0.26925075,-3.9973824
-0.25980702,-3.992003
-0.18719941,-4.055155
-0.25078747,-4.009207
-0.23442553,-4.0222516
-0.21748884,-4.027468
-0.2483809,-4.009195
-0.13633573,-4.1548414
-0.14150469,-4.119228
-0.15861344,-4.1194434
-0.15190567,-4.099702
-0.14723326,-4.1082463
-0.1072559,-4.1444197
-0.1540211,-4.119367
-0.12852119,-4.128241
-0.10750137,-4.143887
-0.12700172,-4.118838
-0.09484838,-4.1433206
-0.0913318,-4.1422257
-0.10821739,-4.1221313
3.1498792,9.6482
-0.08514,-4.1351247
-0.09432035,-4.140567
-0.10115612,-4.149998
-0.11603259,-4.1261687
3.1821694,9.634796
-0.087755285,-4.151987
0.779806,-9.510057
0.8692628,-8.5208235
0.8666464,-8.521783
0.8547897,-8.509746
0.8677067,-8.528313
0.884703,-8.540207
0.83678794,-8.542984
0.87132585,-8.5185995
0.89509284,-8.515197
0.8830068,-8.534285
0.8887685,-8.604679
0.924026,-9.083924
0.92178214,-9.003482
0.9016273,-9.0273905
0.9403362,-8.987911
0.8971851,-9.01126
0.8878969,-9.081436
0.8739523,-8.993543
0.88809067,-9.02558
0.894264,-9.054534
0.9182108,-9.080294
0.8981353,-9.527868
3.1630025,9.187348
0.8286607,-9.584888
0.8758171,-9.524636
0.8462675,-9.557542
0.8631771,-9.546514
0.8835937,-9.570324
0.86777276,-9.37085
0.86853015,-9.470736
0.83290905,-9.429865
0.8365595,-9.4597225
0.9055214,-9.3569
0.8980306,-9.433159
0.8699241,-9.519497
0.84795487,-9.4288025
0.8646143,-9.439365
0.8621981,-9.453479
0.8913814,-9.551807
0.83992237,-9.504655
0.817487,-9.550814
0.93682045,-9.448461
0.8915676,-9.398175
0.88682824,-9.433122
0.9416819,-9.205938
0.9126971,-9.217568
1.0132515,-9.099781
0.9985015,-9.169342
0.9685525,-9.207551
0.9533715,-9.216127
0.939377,-9.502442
0.96488094,-3.569285
1.1868047,-3.1133235
1.1704121,-3.177652
1.1774641,-3.1319973
1.161191,-3.1525812
1.1775734,-3.1378932
1.1994761,-3.1071777
1.1746913,-3.1388426
1.1677934,-3.151601
1.1770179,-3.1412601
3.0539393,9.80488
3.0951576,9.751018
3.0881345,9.762281
3.0753655,9.775041
1.1440068,-3.2608433
1.1402323,-3.2670784
1.1594843,-3.251982
1.1269068,-3.2994394
1.1053704,-3.341408
1.0922531,-3.3520708
1.1123517,-3.3164287
1.0717503,-3.4164324
0.97868276,-3.5618236
1.0290989,-3.5070095
0.958957,-3.5859215
3.100864,9.746296
0.9369512,-3.6065686
0.9393806,-3.635262
0.97187376,-3.6037908
1.030156,-3.5105019
0.9922098,-3.555188
1.0055586,-3.5406961
1.0426826,-3.4899287
0.9974393,-3.5498166
0.9776448,-3.559132
0.987425,-3.558432
3.0768158,9.774803
1.0633923,-3.4736626
1.0595448,-3.4663212
0.96193004,-3.590554
0.99588174,-3.5472198
0.658734,-4.3888144
3.1059182,9.731371
0.7963747,-4.0159082
0.7785449,-4.0425262
0.81173325,-3.9858768
0.80077,-4.023031
0.8337023,-3.9720223
0.8002884,-4.016679
0.76678884,-4.0530972
3.0967455,9.717913
0.80582374,-4.050962
0.79948425,-4.243366
0.6617738,-4.4226847
0.7841258,-4.2497563
3.0729687,9.71194
0.70972914,-4.294674
0.69726676,-4.2138186
0.72402847,-4.338657
0.68550813,-4.354537
3.1266055,9.73371
0.7215465,-4.386387
3.1626163,9.726334
0.692057,-4.3985558
0.71245635,-4.425192
0.636934,-4.419561
0.73097134,-4.339904
0.7174101,-4.411756
0.69859654,-4.369845
0.70239276,-4.384555
0.6841686,-4.3944554
0.6887874,-4.395682
0.64340574,-4.4219136
3.153064,9.696293
3.142034,9.69718
3.1532178,9.688762
3.155063,9.700914
3.1769392,9.669814
0.6846219,-4.4087615
0.6734465,-4.4101853
0.65131503,-4.3992796
0.686488,-4.3993692
1.0299202,-9.475706
0.9845825,-8.481095
1.0527188,-8.442855
0.94362384,-8.539326
3.1446664,9.477031
0.9291226,-8.493454
0.9210885,-8.541503
0.96329993,-8.51294
3.1426463,9.403487
3.1527674,9.445674
0.91966057,-8.533619
1.0997306,-9.157644
1.1181372,-9.17397
1.1100426,-9.153667
1.0632398,-9.166543
1.0953467,-9.260873
1.0700483,-9.201418
1.0824815,-9.265288
1.0595663,-9.270979
1.0300255,-9.158645
3.17394,9.160496
0.9229294,-9.485279
0.9983889,-9.486377
3.1633577,9.190708
1.0387489,-9.493468
3.1475236,9.175181
1.0305573,-9.46079
1.0373871,-9.489277
3.168434,9.172836
0.98783624,-9.518444
0.99321556,-9.507734
1.0289391,-9.482733
3.1711926,9.185844
1.0344106,-9.518193
1.019041,-9.478046
0.88838935,-9.44452
3.1648753,9.18828
0.9952435,-9.538172
0.9771986,-9.568733
0.9859241,-9.513097
0.95926327,-9.54419
1.0750824,-9.286004
1.0335952,-9.335533
1.0765957,-9.33309
0.95762897,-9.396159
3.160985,9.187727
3.1632924,9.174492
3.1567516,9.174859
0.98264575,-9.520255
3.1580887,9.177002
1.0782019,-9.356201
0.9540119,-3.5931299
3.0278919,9.832792
3.0730448,9.774793
1.1668165,-3.1803596
3.0697877,9.784857
1.1443197,-3.1940007
1.2053481,-3.121782
1.1096994,-3.2686355
1.1430308,-3.2230775
1.180849,-3.1969466
1.1472113,-3.2247396
1.1219499,-3.3223727
1.1722602,-3.2900538
1.0768673,-3.3245158
1.1186233,-3.3509293
3.0910544,9.7539
1.1295339,-3.305014
1.1515628,-3.279286
1.0863409,-3.4027042
1.1450207,-3.2805395
1.1485295,-3.274845
1.0167776,-3.5214775
0.96896803,-3.5881028
0.9498821,-3.6165006
0.92845285,-3.6374505
0.9250156,-3.6380243
0.9772313,-3.5846577
1.0243654,-3.523411
0.9723447,-3.5858266
0.9832135,-3.5756292
1.0223655,-3.513267
1.0234234,-3.5164027
1.0529178,-3.4861567
1.0241389,-3.5138412
1.0379192,-3.5043619
1.0566249,-3.4532454
1.0286372,-3.5066872
0.975499,-3.5805886
1.0050031,-3.5390303
1.0250539,-3.5204363
0.99377215,-3.5690105
3.170146,9.674559
3.1139545,9.728155
0.7852423,-4.0644155
0.81541216,-4.022494
0.77577674,-4.095994
0.7761556,-4.067547
3.1035106,9.74658
0.7521042,-4.0879526
0.728943,-4.1493564
0.7837103,-4.0572567
0.74687934,-4.1556716
0.64062047,-4.283514
0.6361755,-4.3231764
0.6746661,-4.2833347
0.70282966,-4.2745357
0.6341797,-4.2653265
0.6927636,-4.313763
0.6910989,-4.323339
0.6436984,-4.3692274
0.67005855,-4.3488483
0.67805743,-4.319399
0.650372,-4.3856144
0.65847147,-4.3174634
0.64896536,-4.3289075
3.1859176,9.699758
3.1553202,9.675102
0.61643374,-4.3479257
3.1555371,9.6841755
0.6121095,-4.3513765
0.5952848,-4.3926344
3.154183,9.668959
3.1946192,9.6396475
3.1501915,9.690342
3.14846,9.696494
0.62722653,-4.36336
3.1577876,9.649744
3.1498585,9.669229
0.6244554,-4.34499
3.1535015,9.676593
0.57000065,-4.3922744
0.6386031,-4.3582535
1.0106789,-9.423001
0.9359425,-8.500943
3.1370065,9.434302
0.9343173,-8.54864
0.9153831,-8.536846
0.94353485,-8.540149
0.94397676,-8.553158
0.9695057,-8.5065
0.9419826,-8.546492
3.1422908,9.433673
0.9114277,-8.554984
0.94687897,-9.106524
0.9151088,-8.882339
0.88847876,-8.780184
3.1385198,9.366059
0.97160375,-9.073275
1.0068619,-9.171315
0.97290194,-9.109019
1.0102204,-9.127857
0.9899286,-9.049713
0.9544471,-9.101708
0.95504284,-9.193341
1.0133275,-9.165384
0.9853722,-9.270458
0.91618925,-9.2010975
3.1535432,9.173288
0.88003093,-9.211184
3.1363955,9.1708355
0.8081702,-9.183117
0.87620145,-9.218018
0.8553289,-9.179792
0.82564795,-9.243661
0.90733755,-9.263864
0.8098128,-9.34652
0.65489733,-9.386477
0.71172875,-9.360306
0.52393425,-9.411028
3.1622958,9.188895
0.7109737,-9.355236
0.7011732,-9.334502
0.6228938,-9.352459
17.787758,14.395559
17.758398,14.373535
17.790075,14.365567
17.774958,14.390118
17.804775,14.377942
17.794664,14.384669
17.806816,14.41964
17.806608,14.407229
17.801409,14.4061
17.753214,14.40215
17.790592,14.411464
17.807287,14.368076
17.80729,14.414386
17.819347,14.411838
17.838491,14.410823
17.891935,14.44017
17.84361,14.495243
17.89413,14.400225
18.040956,14.360389
18.109627,14.268896
18.103432,14.28913
18.142769,14.220606
18.10603,14.272743
18.16651,14.236965
18.160217,14.266836
18.211697,14.171647
18.241518,14.158476
18.234596,14.159006
18.488205,13.923079
19.192434,13.288079
19.36943,13.180752
19.455153,13.074616
19.424644,13.046505
19.496767,12.9183655
19.649773,12.75527
19.578123,12.911849
19.734617,12.5094385
19.75234,12.542764
19.778393,12.561941
19.81866,12.593162
19.72388,12.517349
19.791964,12.572147
19.790455,12.580622
19.757761,12.549847
19.813457,12.638281
19.748713,12.584594
19.826668,12.640604
19.69607,12.538708
19.785046,12.638525
19.796196,12.669153
19.800194,12.778338
19.68442,12.56191
19.677704,12.591787
19.647886,12.54161
19.721357,12.561019
19.702543,12.596585
19.686537,12.6591425
19.723764,12.669842
19.726748,12.538235
19.733046,12.521989
19.746138,12.522018
19.793839,12.539475
19.727283,12.52529
19.71386,12.535373
19.820768,12.540915
19.828255,12.502084
19.810572,12.532119
19.73296,12.474206
19.75767,12.492683
19.762825,12.5480995
19.875036,12.556959
19.849674,12.530319
19.943851,12.65595
19.949324,12.633683
19.81003,12.584276
19.84129,12.575523
19.810677,12.555597
19.864315,12.621917
19.900496,12.676558
19.934954,12.66363
19.869492,12.671693
19.849005,12.652855
19.836254,12.689246
19.993076,12.799647
19.988781,12.734266
19.951382,12.806957
19.951199,12.777515
19.891853,12.807195
19.896454,12.87298
19.909184,12.806407
19.919724,12.742336
19.945194,12.758361
19.859348,12.852892
19.902529,12.787719
19.797506,12.898663
19.806427,12.9743805
19.800713,13.018534
19.735674,13.1070595
19.81958,13.1644745
19.769855,13.12872
19.767164,13.158043
19.696535,13.115343
19.722845,13.16787
19.71093,13.12378
19.603603,13.014108
19.64356,13.305973
19.704958,13.321013
19.5081,13.268397
19.484846,13.166618
19.572529,13.25498
19.470602,13.212598
19.531704,13.1877775
19.506634,13.212366
19.490328,13.138077
19.575342,13.169554
19.543568,13.267435
19.543612,13.238132
19.628843,13.390604
19.527294,13.234848
19.463125,13.219754
19.524834,13.158713
19.541481,13.212542
19.526459,13.194534
19.567152,13.2586355
19.562681,13.221372
19.624762,13.184892
19.662806,13.16143
19.633242,13.149763
19.618874,13.159098
19.691675,13.149593
19.599375,13.161391
19.651888,13.200397
19.711329,13.149916
19.696377,13.166683
19.76666,13.144885
19.95888,13.261678
19.690483,13.224639
19.640038,13.142613
19.767776,13.1472435
19.722486,13.19718
19.756422,13.125958
19.82703,13.145874
19.875307,13.16387
19.926424,13.205716
20.015255,13.112592
20.047344,13.097896
20.01713,13.17808
20.020004,13.136196
20.017298,13.144771
20.052603,13.091594
20.057573,13.119032
20.082512,13.121357
20.044533,13.128117
20.218674,13.078491
20.135798,13.116569
19.996424,13.108898
19.000952,12.622283
20.004492,13.050073
19.988241,13.10161
20.019358,13.092426
20.039608,13.1253395
19.965298,13.063279
20.043104,13.020705
19.942244,13.008211
20.110231,13.120112
20.255152,13.019657
20.323132,13.033374
20.198841,13.071921
20.204924,13.076652
20.23248,13.066157
20.214567,13.056503
20.216784,13.059606
20.221972,13.056562
20.17791,13.045059
20.23093,13.047118
20.229334,13.051337
20.182844,13.076222
20.212103,13.011589
20.22103,13.027217
20.217592,13.038063
20.197227,13.059516
20.08263,13.105377
20.03592,13.139471
20.073305,13.137602
19.95319,13.244821
19.941008,13.236269
19.913448,13.241168
19.800205,13.203662
19.698341,13.323662
19.654778,13.346301
19.612864,13.343463
19.647388,13.325781
19.579699,13.420081
19.555447,13.263327
19.545477,13.430943
19.494995,13.487338
19.561197,13.394928
19.582415,13.374726
19.52492,13.455445
19.482992,13.4599285
19.491924,13.468669
19.476837,13.489936
19.507605,13.457483
19.320412,13.598899
19.33928,13.59073
19.268978,13.689137
19.236515,13.707551
19.24071,13.6135845
19.140846,13.812244
19.266932,13.616195
12.4250345,17.121357
12.440806,17.161915
12.411956,17.102295
12.542198,17.15491
12.691719,17.144567
12.689592,17.108997
12.468125,17.143373
12.530079,17.159492
12.493822,17.12898
12.592715,17.13822
12.820355,17.1765
12.816699,17.2359
12.718576,17.1704
12.689843,17.134632
12.775247,17.15711
12.890967,17.179817
12.869666,17.198797
12.925873,17.18037
12.968566,17.240559
12.834459,17.146597
12.843586,17.145523
12.977552,17.151196
12.944955,17.171722
12.944762,17.150446
12.948841,17.149712
12.974131,17.160238
12.966752,17.10619
12.96884,17.076563
12.951406,17.140743
12.9704075,17.139372
12.941477,17.124506
12.874967,17.09025
12.972228,17.145378
12.975163,17.11082
12.943419,17.127571
12.798129,16.98429
12.713076,16.84652
12.961983,17.124105
12.962543,17.134462
12.821619,16.972256
12.835104,17.038332
12.787282,16.967508
12.797035,16.98412
12.852196,16.962101
12.866975,16.901955
12.822453,16.97155
12.791346,16.961197
12.730572,16.86285
12.797283,16.842007
12.783892,16.886526
12.6370125,16.76519
12.818604,16.873646
12.757511,16.946825
12.678166,16.684856
12.69749,16.684042
12.75034,16.704224
12.760572,16.648577
12.812389,16.63868
12.789536,16.570137
12.757369,16.54213
12.831374,16.595173
12.837958,16.620266
12.830821,16.586777
12.812547,16.545498
12.852505,16.58943
12.592703,16.386274
12.812004,16.560265
12.868659,16.560736
12.764804,16.5188
12.8526,16.569874
12.873778,16.613207
12.833729,16.579813
12.855787,16.579275
12.748255,16.48468
12.77204,16.501482
12.692281,16.43646
12.703291,16.416693
12.847403,16.549608
12.714411,16.467926
12.791374,16.466383
12.770806,16.505571
12.855326,16.55159
18.196121,15.024952
17.41009,14.925265
17.325785,14.84389
17.447311,14.93576
17.429277,14.894156
17.684431,14.977027
17.522503,14.938169
17.412989,14.879328
17.399326,14.915653
17.45986,14.876859
17.381865,14.962593
17.803513,14.926693
17.841764,15.069312
18.027205,14.915915
17.90409,15.005798
17.80187,14.903285
17.749601,14.9929495
17.75006,14.915326
17.652477,15.000075
17.596727,15.022972
17.806206,14.908004
18.172209,15.085973
18.1419,15.05852
18.135624,15.0495
18.198074,15.039513
18.194363,15.054468
18.092348,15.030203
18.106188,15.031237
18.120483,15.093869
18.134403,15.020013
18.137524,15.02004
18.12624,15.03129
18.178976,15.009133
18.183813,15.082432
18.161253,15.10008
18.131376,15.0769615
18.056885,15.035507
18.055162,15.067141
18.089706,15.148585
18.012684,15.226347
18.087381,15.178671
17.959282,15.262591
17.907892,15.254684
17.86728,15.176551
17.844748,15.158262
17.962687,15.307281
17.814587,15.270051
17.802267,15.17592
17.891256,15.331195
17.823008,15.222342
17.919472,15.314912
11.295736,15.380068
11.352383,15.608792
11.358953,15.602188
11.393137,15.571694
11.40851,15.630608
11.403825,15.630443
11.363398,15.607272
11.422564,15.60858
11.369245,15.575296
11.401145,15.472925
11.3069515,15.395598
11.242253,15.373937
11.404384,15.505701
11.259783,15.42664
11.3040695,15.32966
11.362717,15.324213
11.422456,15.282673
11.775257,15.142585
11.340326,15.328706
11.367567,15.317105
11.335085,15.360302
11.624286,15.1375265
11.692287,15.147028
11.742977,15.143294
11.668434,15.121303
11.670321,15.141789
11.662024,15.14705
11.3456335,15.286312
11.385962,15.364968
11.618617,15.180851
11.732667,15.120087
11.693833,15.140886
11.721967,15.10751
11.571086,15.186387
11.710332,15.127689
11.62428,15.196169
11.674499,15.145728
11.752614,15.169353
11.735658,15.182243
11.720901,15.129676
11.778438,15.14833
12.187523,15.529074
12.042551,15.219183
12.014949,15.170369
12.050633,15.20645
12.032109,15.220604
12.0371065,15.206487
12.0537815,15.183313
12.033588,15.219768
12.042611,15.225016
12.01675,15.207197
12.00441,15.21335
12.103258,15.303364
12.174499,15.463441
12.161189,15.451119
12.234949,15.560246
12.17469,15.583529
12.202839,15.54402
12.205977,15.626132
12.153046,15.698393
12.244122,15.681075
12.191289,15.7084465
12.199172,15.77856
12.2499485,15.726931
12.295806,15.845707
12.2698965,15.826825
12.298658,15.907863
12.377784,16.052551
12.569934,16.313038
12.6062565,16.337307
12.678844,16.406923
12.637175,16.394814
12.544936,16.319687
12.474184,16.249147
12.460739,16.255602
12.41219,16.252008
12.470646,16.246786
12.432903,16.222315
12.553384,16.33198
12.347532,16.125753
12.360252,16.200975
12.377096,16.217941
17.967175,15.468249
17.358536,15.103481
17.381693,15.148684
17.385168,15.095221
17.396925,15.179748
17.35987,15.10432
17.395859,15.167881
17.443394,15.029645
17.395584,15.038257
17.41868,15.02887
17.53172,15.222325
17.670973,15.372209
17.797691,15.444868
17.649105,15.115153
17.732939,15.281202
17.825945,15.226579
17.721779,15.3193245
17.703896,15.3314295
17.653149,15.357934
17.720573,15.393015
17.682457,15.342776
17.968012,15.574915
17.952621,15.584162
17.91684,15.505596
17.920036,15.542407
17.924818,15.527119
17.911615,15.528305
17.90277,15.500912
17.947077,15.549613
17.9172,15.491802
17.930517,15.443859
17.877007,15.410924
17.908426,15.538834
17.914387,15.526714
17.926643,15.563548
17.879639,15.529353
17.944277,15.559741
17.936642,15.557775
17.927954,15.543107
17.932467,15.535959
17.8695,15.447024
17.917639,15.481959
17.774437,15.381953
17.837868,15.273023
17.880083,15.495332
17.868116,15.451306
17.81912,15.325045
17.870209,15.478563
17.883799,15.431804
17.844814,15.412173
17.933025,15.28236
11.272262,15.336935
11.228534,15.385957
11.18606,15.395743
11.199058,15.4126625
11.156556,15.421243
11.186665,15.429108
11.189791,15.430071
11.208565,15.404968
11.195546,15.441778
11.253254,15.384301
11.178015,15.399921
11.227857,15.3723955
11.229039,15.358366
11.235549,15.401875
11.244566,15.323904
11.203285,15.401847
11.397373,15.267639
11.35701,15.296226
11.245474,15.361999
11.284982,15.345455
11.312007,15.280713
11.503867,15.290321
11.466336,15.283503
11.283858,15.326577
11.525333,15.3513565
11.451632,15.29774
11.302388,15.284908
11.307807,15.400475
11.422542,15.312298
11.4829235,15.298866
11.316785,15.332382
11.385397,15.359145
11.436146,15.311699
11.4649515,15.288865
11.482516,15.287436
11.559779,15.31251
11.499573,15.3161335
11.520485,15.278822
11.467383,15.328418
11.521994,15.415938
11.438996,15.316684
11.835756,15.607849
11.7401705,15.523806
11.745466,15.512597
11.719982,15.54523
11.779961,15.549871
11.623049,15.485403
11.779304,15.555963
11.767584,15.552351
11.845008,15.507547
11.793548,15.560288
11.910797,15.485711
11.948404,15.623825
11.859834,15.583994
11.967804,15.64868
11.867267,15.619223
11.835881,15.63385
11.902918,15.627903
11.744472,15.6306095
11.858598,15.610606
11.857211,15.629487
11.8631735,15.599099
11.928096,15.64042
11.783894,15.63648
11.904198,15.699795
11.942434,15.71162
12.000429,15.770446
11.985907,15.768478
11.846821,15.716618
11.965883,15.666166
12.058877,15.713154
12.085421,15.671473
12.330983,16.084455
12.053612,15.804804
12.04677,15.832232
12.082935,15.867373
12.088851,15.930108
12.063065,15.843143
12.128033,15.876724
12.090393,15.868993
12.079084,15.86383
12.096619,15.892789
17.82491,15.1274185
17.46914,14.941188
17.494314,14.950854
17.467157,14.955873
17.529888,14.962154
17.411022,15.008973
17.481642,14.931426
17.532495,14.864231
17.522297,14.900373
17.48454,14.920414
17.53877,14.86492
17.703009,14.888606
17.664164,14.856896
17.665787,14.899869
17.705578,15.009772
17.668987,14.959146
17.621578,14.892407
17.608181,14.932457
17.571424,14.866484
17.610184,14.906178
17.629633,14.885455
17.812937,15.03654
17.816942,15.023295
17.748888,15.060396
17.76396,15.017758
17.738522,14.949978
17.756437,15.041536
17.7474,15.028207
17.781185,15.03797
17.803665,15.039007
17.798529,15.02652
17.7934,15.046936
17.792213,15.043028
17.805824,15.028768
17.731346,14.879638
17.732006,14.943378
17.669737,14.858165
17.742002,14.968796
17.706734,14.902231
17.710188,14.937718
17.724094,14.913727
17.708393,14.821608
17.701586,14.834298
17.69825,14.826613
17.695898,14.974682
17.74896,14.9916
17.65479,14.842125
17.678923,14.903399
17.674057,14.943469
17.693705,14.898784
17.674482,14.857876
11.996419,17.163755
12.003334,17.22127
11.944421,17.210018
11.823498,17.299965
11.948755,17.208479
11.823307,17.226326
11.783594,17.277847
11.856657,17.23179
11.785141,17.28582
11.843381,17.244402
11.811164,17.25856
11.780776,17.287613
11.844721,17.226284
11.801417,17.260529
11.833771,17.272686
11.808681,17.240486
11.808191,17.268896
11.839302,17.227068
11.841891,17.22769
11.843715,17.233862
11.823869,17.240019
11.836267,17.226467
11.84884,17.20363
11.905007,17.165579
11.861937,17.240768
11.853139,17.23731
11.810753,17.251957
11.805821,17.241306
11.862532,17.19561
11.860286,17.228352
11.841665,17.204273
11.843053,17.19541
11.964284,17.150833
11.888676,17.216562
11.917497,17.190538
12.0307865,17.112047
11.984628,17.120943
12.001699,17.125492
11.990239,17.109568
11.885521,17.20326
11.857,17.193745
12.190512,16.756416
12.10893,16.877655
12.050578,16.92334
12.107582,16.872627
12.129363,16.856318
12.070079,16.901905
12.003339,16.964354
12.011609,16.962921
12.126112,16.86077
12.181304,16.855633
12.110707,16.865505
12.180804,16.822643
12.055165,16.773499
12.119595,16.85352
12.169255,16.816124
12.131242,16.820377
12.194475,16.846895
12.166616,16.805979
12.14137,16.842554
12.102719,16.84066
12.136318,16.82198
12.167625,16.8034
12.22159,16.787441
12.173838,16.80146
12.169974,16.806646
12.193279,16.81462
12.191206,16.805119
12.132584,16.820042
12.187901,16.782124
12.179086,16.798916
12.149448,16.803543
12.181668,16.778076
12.2523985,16.733599
12.220332,16.751945
12.185242,16.786634
12.18136,16.790321
12.210796,16.76469
12.296704,16.694815
12.2381115,16.77798
12.230975,16.753143
12.251938,16.7314
18.805807,12.835116
18.631252,12.794329
18.683735,12.772847
18.684305,12.747495
18.669317,12.778726
18.65951,12.770093
18.69518,12.752641
18.677307,12.764563
18.66645,12.770306
18.671959,12.770051
18.688705,12.764127
18.696693,12.747925
18.68339,12.776513
18.72543,12.751617
18.737926,12.744881
18.725546,12.741418
18.728485,12.761187
18.743048,12.770272
18.706732,12.760238
18.756632,12.751598
18.745905,12.763615
18.809011,12.750253
18.871737,12.794606
18.843603,12.762231
18.842384,12.7809925
19.022757,12.68359
18.969051,12.685324
19.024578,12.598955
19.042908,12.627333
19.112934,12.539568
19.101305,12.527718
19.100452,12.562346
19.1838,12.499539
19.166964,12.477593
19.165024,12.393069
19.17749,12.421085
19.174713,12.414046
19.190804,12.381781
19.191843,12.41586
19.213617,12.409391
19.195267,12.415062
19.193329,12.422653
19.227962,12.428011
19.262737,12.442886
19.218018,12.398497
19.190514,12.413652
19.217953,12.400603
19.186724,12.443983
19.207815,12.425474
19.226942,12.426162
